<?xml version="1.0" encoding="ISO-8859-1" standalone="no"?><CURRICULO-VITAE SISTEMA-ORIGEM-XML="LATTES_OFFLINE" DATA-ATUALIZACAO="02052009" HORA-ATUALIZACAO="203029" NUMERO-IDENTIFICADOR="9920089932270994"><DADOS-GERAIS NOME-COMPLETO="Ana Cristina Lindsay" NOME-EM-CITACOES-BIBLIOGRAFICAS="Lindsay, Terra de Souza, de Souza, Souza" NACIONALIDADE="E" PAIS-DE-NASCIMENTO="Estados Unidos" UF-NASCIMENTO="" CIDADE-NASCIMENTO="CAMPOS" PERMISSAO-DE-DIVULGACAO="NAO" DATA-FALECIMENTO=""><RESUMO-CV TEXTO-RESUMO-CV-RH="Possui graduação em Odontologia pela Faculdade de Odontologia de Campos (1987), mestrado em Saude Publica (MPH) com area de conectracao em Metodos Quantitativos pela Harvard School of Public Health (1993), doutorado em Saude Publica (DrPH) com areas de concentracao em Saude Materno-Infantil, Epidemiologia, e Nutricao Materno-Infantil pela Harvard School of Public Health (1998), e pos-doutorado em Avaliacao de Programas pela Harvard Children's Initiative, Harvard University (2000)." TEXTO-RESUMO-CV-RH-EN="graduate at Odontologia from Faculdade de Odontologia de Campos (1987), master's at Master in Public Health from Harvard School of Public Health (1993) and ph.d. at Doctor of Public Health from Harvard School of Public Health (1998)."/><OUTRAS-INFORMACOES-RELEVANTES OUTRAS-INFORMACOES-RELEVANTES=""/><ENDERECO FLAG-DE-PREFERENCIA="ENDERECO_INSTITUCIONAL"><ENDERECO-PROFISSIONAL CODIGO-INSTITUICAO-EMPRESA="000100000991" NOME-INSTITUICAO-EMPRESA="Harvard School of Public Health" CODIGO-UNIDADE="" NOME-UNIDADE="" CODIGO-ORGAO="" NOME-ORGAO="" PAIS="Estados Unidos" UF="" LOGRADOURO-COMPLEMENTO="665 HUNTINGTON AVENUE" BAIRRO="" CIDADE="BOSTON" CAIXA-POSTAL="" CEP="02115" DDD="617" TELEFONE="4320983" RAMAL="" FAX="" E-MAIL="alindsay@hsph.harvard.edu" HOME-PAGE=""/></ENDERECO><FORMACAO-ACADEMICA-TITULACAO><GRADUACAO SEQUENCIA-FORMACAO="4" NIVEL="1" TITULO-DO-TRABALHO-DE-CONCLUSAO-DE-CURSO="" NOME-DO-ORIENTADOR="" CODIGO-INSTITUICAO="814600000002" NOME-INSTITUICAO="Faculdade de Odontologia de Campos" CODIGO-CURSO="" NOME-CURSO="Odontologia" CODIGO-AREA-CURSO="" STATUS-DO-CURSO="CONCLUIDO" ANO-DE-INICIO="1984" ANO-DE-CONCLUSAO="1987" FLAG-BOLSA="NAO" CODIGO-AGENCIA-FINANCIADORA="" NOME-AGENCIA="" NUMERO-ID-ORIENTADOR="" CODIGO-CURSO-CAPES="" TITULO-DO-TRABALHO-DE-CONCLUSAO-DE-CURSO-INGLES="" NOME-CURSO-INGLES=""/><MESTRADO SEQUENCIA-FORMACAO="3" NIVEL="3" CODIGO-INSTITUICAO="" NOME-INSTITUICAO="Harvard School of Public Health" CODIGO-CURSO="" NOME-CURSO="Master in Public Health" CODIGO-AREA-CURSO="" STATUS-DO-CURSO="CONCLUIDO" ANO-DE-INICIO="1992" ANO-DE-CONCLUSAO="1993" FLAG-BOLSA="SIM" CODIGO-AGENCIA-FINANCIADORA="002200000000" NOME-AGENCIA="Conselho Nacional de Desenvolvimento Científico e Tecnológico" ANO-DE-OBTENCAO-DO-TITULO="1993" TITULO-DA-DISSERTACAO-TESE="" NOME-COMPLETO-DO-ORIENTADOR="" NUMERO-ID-ORIENTADOR="" CODIGO-CURSO-CAPES="" TITULO-DA-DISSERTACAO-TESE-INGLES="" NOME-CURSO-INGLES=""><AREAS-DO-CONHECIMENTO/></MESTRADO><DOUTORADO SEQUENCIA-FORMACAO="1" NIVEL="4" CODIGO-INSTITUICAO="" NOME-INSTITUICAO="Harvard School of Public Health" CODIGO-CURSO="" NOME-CURSO="Doctor of Public Health" CODIGO-AREA-CURSO="" STATUS-DO-CURSO="CONCLUIDO" ANO-DE-INICIO="1993" ANO-DE-CONCLUSAO="1998" FLAG-BOLSA="SIM" CODIGO-AGENCIA-FINANCIADORA="002200000000" NOME-AGENCIA="Conselho Nacional de Desenvolvimento Científico e Tecnológico" ANO-DE-OBTENCAO-DO-TITULO="1998" TITULO-DA-DISSERTACAO-TESE="" NOME-COMPLETO-DO-ORIENTADOR="" TIPO-DOUTORADO="" CODIGO-INSTITUICAO-DOUT="" NOME-INSTITUICAO-DOUT="" CODIGO-INSTITUICAO-OUTRA-DOUT="" NOME-INSTITUICAO-OUTRA-DOUT="" NOME-ORIENTADOR-DOUT="" NUMERO-ID-ORIENTADOR="" CODIGO-CURSO-CAPES="" TITULO-DA-DISSERTACAO-TESE-INGLES="" NOME-CURSO-INGLES=""><AREAS-DO-CONHECIMENTO/></DOUTORADO><POS-DOUTORADO SEQUENCIA-FORMACAO="2" NIVEL="5" CODIGO-INSTITUICAO="143200000004" NOME-INSTITUICAO="Harvard University" ANO-DE-INICIO="1998" ANO-DE-CONCLUSAO="2000" ANO-DE-OBTENCAO-DO-TITULO="" FLAG-BOLSA="NAO" CODIGO-AGENCIA-FINANCIADORA="" NOME-AGENCIA="" STATUS-DO-CURSO="CONCLUIDO" NUMERO-ID-ORIENTADOR="" TITULO-DO-TRABALHO="" TITULO-DO-TRABALHO-INGLES="" NOME-CURSO-INGLES=""><AREAS-DO-CONHECIMENTO/></POS-DOUTORADO></FORMACAO-ACADEMICA-TITULACAO><ATUACOES-PROFISSIONAIS><ATUACAO-PROFISSIONAL CODIGO-INSTITUICAO="814600000002" NOME-INSTITUICAO="Faculdade de Odontologia de Campos" SEQUENCIA-ATIVIDADE="1" SEQUENCIA-IMPORTANCIA=""><VINCULOS SEQUENCIA-HISTORICO="1" TIPO-DE-VINCULO="LIVRE" ENQUADRAMENTO-FUNCIONAL="LIVRE" CARGA-HORARIA-SEMANAL="20" FLAG-DEDICACAO-EXCLUSIVA="NAO" MES-INICIO="03" ANO-INICIO="1986" MES-FIM="12" ANO-FIM="1987" OUTRAS-INFORMACOES="pesquisadora assitente - odontologia preventiva e social" FLAG-VINCULO-EMPREGATICIO="SIM" OUTRO-VINCULO-INFORMADO="Pesquisador Assistente" OUTRO-ENQUADRAMENTO-FUNCIONAL-INFORMADO="assitente de pesquisa" OUTRO-ENQUADRAMENTO-FUNCIONAL-INFORMADO-INGLES="" OUTRAS-INFORMACOES-INGLES=""/></ATUACAO-PROFISSIONAL><ATUACAO-PROFISSIONAL CODIGO-INSTITUICAO="000100000991" NOME-INSTITUICAO="Harvard School of Public Health" SEQUENCIA-ATIVIDADE="2" SEQUENCIA-IMPORTANCIA=""><VINCULOS SEQUENCIA-HISTORICO="1" TIPO-DE-VINCULO="LIVRE" ENQUADRAMENTO-FUNCIONAL="LIVRE" CARGA-HORARIA-SEMANAL="40" FLAG-DEDICACAO-EXCLUSIVA="SIM" MES-INICIO="09" ANO-INICIO="2001" MES-FIM="08" ANO-FIM="2003" OUTRAS-INFORMACOES="Research Associate &#10;Public Health Nutrition&#10;Department of Nutrition&#10;Harvard School of Public Health" FLAG-VINCULO-EMPREGATICIO="NAO" OUTRO-VINCULO-INFORMADO="Research Associate" OUTRO-ENQUADRAMENTO-FUNCIONAL-INFORMADO="Research Associate" OUTRO-ENQUADRAMENTO-FUNCIONAL-INFORMADO-INGLES="" OUTRAS-INFORMACOES-INGLES=""/><VINCULOS SEQUENCIA-HISTORICO="2" TIPO-DE-VINCULO="LIVRE" ENQUADRAMENTO-FUNCIONAL="LIVRE" CARGA-HORARIA-SEMANAL="40" FLAG-DEDICACAO-EXCLUSIVA="SIM" MES-INICIO="09" ANO-INICIO="2000" MES-FIM="08" ANO-FIM="2001" OUTRAS-INFORMACOES="research fellow&#10;berkowitz fellowship in nutrition&#10;department of nutrition&#10;harvard school of public health" FLAG-VINCULO-EMPREGATICIO="NAO" OUTRO-VINCULO-INFORMADO="Research Fellow" OUTRO-ENQUADRAMENTO-FUNCIONAL-INFORMADO="Research Fellow" OUTRO-ENQUADRAMENTO-FUNCIONAL-INFORMADO-INGLES="" OUTRAS-INFORMACOES-INGLES=""/><VINCULOS SEQUENCIA-HISTORICO="3" TIPO-DE-VINCULO="LIVRE" ENQUADRAMENTO-FUNCIONAL="LIVRE" CARGA-HORARIA-SEMANAL="40" FLAG-DEDICACAO-EXCLUSIVA="SIM" MES-INICIO="09" ANO-INICIO="1998" MES-FIM="08" ANO-FIM="2000" OUTRAS-INFORMACOES="pos-doc research fellow&#10;program evaluation&#10;harvard children's initiative&#10;harvard university" FLAG-VINCULO-EMPREGATICIO="SIM" OUTRO-VINCULO-INFORMADO="pos-doc research fellwo" OUTRO-ENQUADRAMENTO-FUNCIONAL-INFORMADO="pos-doc research fellow" OUTRO-ENQUADRAMENTO-FUNCIONAL-INFORMADO-INGLES="" OUTRAS-INFORMACOES-INGLES=""/><ATIVIDADES-DE-DIRECAO-E-ADMINISTRACAO><DIRECAO-E-ADMINISTRACAO SEQUENCIA-FUNCAO-ATIVIDADE="2" FLAG-PERIODO="ANTERIOR" MES-INICIO="09" ANO-INICIO="2001" MES-FIM="08" ANO-FIM="2004" CODIGO-ORGAO="" NOME-ORGAO="" CODIGO-UNIDADE="" NOME-UNIDADE="" FORMATO-CARGO-OU-FUNCAO="LIVRE" CARGO-OU-FUNCAO="research associate/project director" CARGO-OU-FUNCAO-INGLES=""/></ATIVIDADES-DE-DIRECAO-E-ADMINISTRACAO><ATIVIDADES-DE-PESQUISA-E-DESENVOLVIMENTO><PESQUISA-E-DESENVOLVIMENTO SEQUENCIA-FUNCAO-ATIVIDADE="1" FLAG-PERIODO="ATUAL" MES-INICIO="" ANO-INICIO="2000" MES-FIM="" ANO-FIM="" CODIGO-ORGAO="" NOME-ORGAO="" CODIGO-UNIDADE="" NOME-UNIDADE=""><LINHA-DE-PESQUISA SEQUENCIA-LINHA="1" TITULO-DA-LINHA-DE-PESQUISA="Nutricao, Saude Materno Infantil, Avaliacao de Programas e Servicos de Saude" FLAG-LINHA-DE-PESQUISA-ATIVA="NAO" OBJETIVOS-LINHA-DE-PESQUISA="" TITULO-DA-LINHA-DE-PESQUISA-INGLES="" OBJETIVOS-LINHA-DE-PESQUISA-INGLES=""><AREAS-DO-CONHECIMENTO/></LINHA-DE-PESQUISA></PESQUISA-E-DESENVOLVIMENTO></ATIVIDADES-DE-PESQUISA-E-DESENVOLVIMENTO><ATIVIDADES-DE-ENSINO><ENSINO SEQUENCIA-FUNCAO-ATIVIDADE="3" FLAG-PERIODO="ATUAL" TIPO-ENSINO="GRADUACAO" MES-INICIO="09" ANO-INICIO="2001" MES-FIM="" ANO-FIM="" CODIGO-ORGAO="" NOME-ORGAO="" CODIGO-CURSO="90000003" NOME-CURSO="master in public health" NOME-CURSO-INGLES=""><DISCIPLINA SEQUENCIA-ESPECIFICACAO="1">research methods</DISCIPLINA><DISCIPLINA SEQUENCIA-ESPECIFICACAO="2">maternal and child health</DISCIPLINA><DISCIPLINA SEQUENCIA-ESPECIFICACAO="3">program evaluation</DISCIPLINA><DISCIPLINA SEQUENCIA-ESPECIFICACAO="4">public health nutrition</DISCIPLINA></ENSINO></ATIVIDADES-DE-ENSINO><ATIVIDADES-DE-SERVICO-TECNICO-ESPECIALIZADO><SERVICO-TECNICO-ESPECIALIZADO SEQUENCIA-FUNCAO-ATIVIDADE="5" FLAG-PERIODO="ATUAL" MES-INICIO="09" ANO-INICIO="2000" MES-FIM="" ANO-FIM="" CODIGO-ORGAO="" NOME-ORGAO="" CODIGO-UNIDADE="" NOME-UNIDADE="" SERVICO-REALIZADO="consultoria projetos saude infantil e nutricao"/><SERVICO-TECNICO-ESPECIALIZADO SEQUENCIA-FUNCAO-ATIVIDADE="6" FLAG-PERIODO="ATUAL" MES-INICIO="09" ANO-INICIO="2002" MES-FIM="" ANO-FIM="" CODIGO-ORGAO="000102000999" NOME-ORGAO="secretaria de saude do estado ceara" CODIGO-UNIDADE="" NOME-UNIDADE="" SERVICO-REALIZADO="consultoria saude publica, saude materno-infantil, metodos de pesquisa"/><SERVICO-TECNICO-ESPECIALIZADO SEQUENCIA-FUNCAO-ATIVIDADE="7" FLAG-PERIODO="ANTERIOR" MES-INICIO="09" ANO-INICIO="1998" MES-FIM="04" ANO-FIM="1999" CODIGO-ORGAO="000103000992" NOME-ORGAO="harvard international health office" CODIGO-UNIDADE="" NOME-UNIDADE="" SERVICO-REALIZADO="consultant for el salvador health project funded by USAID"/></ATIVIDADES-DE-SERVICO-TECNICO-ESPECIALIZADO><ATIVIDADES-DE-CONSELHO-COMISSAO-E-CONSULTORIA><CONSELHO-COMISSAO-E-CONSULTORIA SEQUENCIA-FUNCAO-ATIVIDADE="4" FLAG-PERIODO="ATUAL" MES-INICIO="09" ANO-INICIO="2004" MES-FIM="" ANO-FIM="" CODIGO-ORGAO="" NOME-ORGAO="" CODIGO-UNIDADE="" NOME-UNIDADE="" ESPECIFICACAO="member doctoral research committee"/></ATIVIDADES-DE-CONSELHO-COMISSAO-E-CONSULTORIA></ATUACAO-PROFISSIONAL></ATUACOES-PROFISSIONAIS><AREAS-DE-ATUACAO/></DADOS-GERAIS><PRODUCAO-BIBLIOGRAFICA><ARTIGOS-PUBLICADOS><ARTIGO-PUBLICADO SEQUENCIA-PRODUCAO="1"><DADOS-BASICOS-DO-ARTIGO NATUREZA="COMPLETO" TITULO-DO-ARTIGO="Influence of Social Conext on Eating, Physical Activity and Sedentary Behaviors of Latina Mothers and Their Preschool-Aged Children" ANO-DO-ARTIGO="2009" PAIS-DE-PUBLICACAO="" IDIOMA="Inglês" MEIO-DE-DIVULGACAO="IMPRESSO" HOME-PAGE-DO-TRABALHO="" FLAG-RELEVANCIA="SIM" DOI="" TITULO-DO-ARTIGO-INGLES=""/><DETALHAMENTO-DO-ARTIGO TITULO-DO-PERIODICO-OU-REVISTA="Health Education &amp; Behavior" ISSN="10901981" VOLUME="36" FASCICULO="" SERIE="1" PAGINA-INICIAL="81" PAGINA-FINAL="96" LOCAL-DE-PUBLICACAO=""/><AUTORES NOME-COMPLETO-DO-AUTOR="Lindsay AC" NOME-PARA-CITACAO="Lindsay AC" ORDEM-DE-AUTORIA="1" NRO-ID-CNPQ=""/><AUTORES NOME-COMPLETO-DO-AUTOR="Sussner KM" NOME-PARA-CITACAO="Sussner KM" ORDEM-DE-AUTORIA="2" NRO-ID-CNPQ=""/><AUTORES NOME-COMPLETO-DO-AUTOR="Greaney ML" NOME-PARA-CITACAO="Greaney ML" ORDEM-DE-AUTORIA="3" NRO-ID-CNPQ=""/><AUTORES NOME-COMPLETO-DO-AUTOR="Karen Peterson" NOME-PARA-CITACAO="Karen E. Peterson" ORDEM-DE-AUTORIA="4" NRO-ID-CNPQ=""/><AUTORES NOME-COMPLETO-DO-AUTOR="Ana Cristina Lindsay" NOME-PARA-CITACAO="Lindsay, Terra de Souza, de Souza, Souza" ORDEM-DE-AUTORIA="5"/><PALAVRAS-CHAVE PALAVRA-CHAVE-1="Latina mothers and children" PALAVRA-CHAVE-2="child overweight" PALAVRA-CHAVE-3="socioenvironment influences" PALAVRA-CHAVE-4="" PALAVRA-CHAVE-5="" PALAVRA-CHAVE-6=""/><AREAS-DO-CONHECIMENTO><AREA-DO-CONHECIMENTO-1 NOME-GRANDE-AREA-DO-CONHECIMENTO="CIENCIAS_DA_SAUDE" NOME-DA-AREA-DO-CONHECIMENTO="Nutrição" NOME-DA-SUB-AREA-DO-CONHECIMENTO="" NOME-DA-ESPECIALIDADE=""/><AREA-DO-CONHECIMENTO-2 NOME-GRANDE-AREA-DO-CONHECIMENTO="CIENCIAS_DA_SAUDE" NOME-DA-AREA-DO-CONHECIMENTO="Saúde Coletiva" NOME-DA-SUB-AREA-DO-CONHECIMENTO="" NOME-DA-ESPECIALIDADE=""/></AREAS-DO-CONHECIMENTO><SETORES-DE-ATIVIDADE SETOR-DE-ATIVIDADE-1="Saúde e Serviços Sociais" SETOR-DE-ATIVIDADE-2="" SETOR-DE-ATIVIDADE-3=""/><INFORMACOES-ADICIONAIS DESCRICAO-INFORMACOES-ADICIONAIS="" DESCRICAO-INFORMACOES-ADICIONAIS-INGLES=""/></ARTIGO-PUBLICADO><ARTIGO-PUBLICADO SEQUENCIA-PRODUCAO="2"><DADOS-BASICOS-DO-ARTIGO NATUREZA="COMPLETO" TITULO-DO-ARTIGO="Brazilian Mothers' Beliefs, Attitudes and Practices Related to Child Weight Status and Early Feeding Within the Context of the Nutrition Transition" ANO-DO-ARTIGO="2009" PAIS-DE-PUBLICACAO="" IDIOMA="Inglês" MEIO-DE-DIVULGACAO="IMPRESSO" HOME-PAGE-DO-TRABALHO="" FLAG-RELEVANCIA="SIM" DOI="" TITULO-DO-ARTIGO-INGLES=""/><DETALHAMENTO-DO-ARTIGO TITULO-DO-PERIODICO-OU-REVISTA="Journal of Biosocial Science" ISSN="00219320" VOLUME="41" FASCICULO="" SERIE="1" PAGINA-INICIAL="21" PAGINA-FINAL="37" LOCAL-DE-PUBLICACAO=""/><AUTORES NOME-COMPLETO-DO-AUTOR="Lindsay AC" NOME-PARA-CITACAO="Lindsay AC" ORDEM-DE-AUTORIA="1" NRO-ID-CNPQ=""/><AUTORES NOME-COMPLETO-DO-AUTOR="Marcia Maria Tavares Machado" NOME-PARA-CITACAO="Marcia Ma Tavares Machado" ORDEM-DE-AUTORIA="3" NRO-ID-CNPQ=""/><AUTORES NOME-COMPLETO-DO-AUTOR="Sussner KM" NOME-PARA-CITACAO="Sussner KM" ORDEM-DE-AUTORIA="4" NRO-ID-CNPQ=""/><AUTORES NOME-COMPLETO-DO-AUTOR="Hardwich C" NOME-PARA-CITACAO="Hardwick C" ORDEM-DE-AUTORIA="5" NRO-ID-CNPQ=""/><AUTORES NOME-COMPLETO-DO-AUTOR="Karen Peterson" NOME-PARA-CITACAO="Karen E. Peterson" ORDEM-DE-AUTORIA="6" NRO-ID-CNPQ=""/><AUTORES NOME-COMPLETO-DO-AUTOR="Ana Cristina Lindsay" NOME-PARA-CITACAO="Lindsay, Terra de Souza, de Souza, Souza" ORDEM-DE-AUTORIA="2"/><PALAVRAS-CHAVE PALAVRA-CHAVE-1="Brazilian Mothers" PALAVRA-CHAVE-2="Nutrition Transition" PALAVRA-CHAVE-3="Weight status" PALAVRA-CHAVE-4="Child Feeding" PALAVRA-CHAVE-5="" PALAVRA-CHAVE-6=""/><AREAS-DO-CONHECIMENTO><AREA-DO-CONHECIMENTO-1 NOME-GRANDE-AREA-DO-CONHECIMENTO="CIENCIAS_DA_SAUDE" NOME-DA-AREA-DO-CONHECIMENTO="Nutrição" NOME-DA-SUB-AREA-DO-CONHECIMENTO="" NOME-DA-ESPECIALIDADE=""/><AREA-DO-CONHECIMENTO-2 NOME-GRANDE-AREA-DO-CONHECIMENTO="CIENCIAS_DA_SAUDE" NOME-DA-AREA-DO-CONHECIMENTO="Saúde Coletiva" NOME-DA-SUB-AREA-DO-CONHECIMENTO="" NOME-DA-ESPECIALIDADE=""/></AREAS-DO-CONHECIMENTO><SETORES-DE-ATIVIDADE SETOR-DE-ATIVIDADE-1="Saúde e Serviços Sociais" SETOR-DE-ATIVIDADE-2="" SETOR-DE-ATIVIDADE-3=""/><INFORMACOES-ADICIONAIS DESCRICAO-INFORMACOES-ADICIONAIS="" DESCRICAO-INFORMACOES-ADICIONAIS-INGLES=""/></ARTIGO-PUBLICADO><ARTIGO-PUBLICADO SEQUENCIA-PRODUCAO="3"><DADOS-BASICOS-DO-ARTIGO NATUREZA="COMPLETO" TITULO-DO-ARTIGO="The Influence of Maternal Acculturation on Breastfeeding Initiation and Duration in Latino Immigrants" ANO-DO-ARTIGO="2008" PAIS-DE-PUBLICACAO="" IDIOMA="Inglês" MEIO-DE-DIVULGACAO="IMPRESSO" HOME-PAGE-DO-TRABALHO="" FLAG-RELEVANCIA="NAO" DOI="" TITULO-DO-ARTIGO-INGLES=""/><DETALHAMENTO-DO-ARTIGO TITULO-DO-PERIODICO-OU-REVISTA="Journal of Biosocial Science" ISSN="00219320" VOLUME="40" FASCICULO="" SERIE="5" PAGINA-INICIAL="673" PAGINA-FINAL="696" LOCAL-DE-PUBLICACAO=""/><AUTORES NOME-COMPLETO-DO-AUTOR="Sussner KM" NOME-PARA-CITACAO="Sussner KM" ORDEM-DE-AUTORIA="1" NRO-ID-CNPQ=""/><AUTORES NOME-COMPLETO-DO-AUTOR="Lindsay AC" NOME-PARA-CITACAO="Lindsay AC" ORDEM-DE-AUTORIA="2" NRO-ID-CNPQ=""/><AUTORES NOME-COMPLETO-DO-AUTOR="Karen Peterson" NOME-PARA-CITACAO="Karen E. Peterson" ORDEM-DE-AUTORIA="4" NRO-ID-CNPQ=""/><AUTORES NOME-COMPLETO-DO-AUTOR="Ana Cristina Lindsay" NOME-PARA-CITACAO="Lindsay, Terra de Souza, de Souza, Souza" ORDEM-DE-AUTORIA="3"/><PALAVRAS-CHAVE PALAVRA-CHAVE-1="Latino" PALAVRA-CHAVE-2="Immigrant" PALAVRA-CHAVE-3="breastfeeding" PALAVRA-CHAVE-4="" PALAVRA-CHAVE-5="" PALAVRA-CHAVE-6=""/><AREAS-DO-CONHECIMENTO><AREA-DO-CONHECIMENTO-1 NOME-GRANDE-AREA-DO-CONHECIMENTO="CIENCIAS_DA_SAUDE" NOME-DA-AREA-DO-CONHECIMENTO="Saúde Coletiva" NOME-DA-SUB-AREA-DO-CONHECIMENTO="" NOME-DA-ESPECIALIDADE=""/><AREA-DO-CONHECIMENTO-2 NOME-GRANDE-AREA-DO-CONHECIMENTO="CIENCIAS_DA_SAUDE" NOME-DA-AREA-DO-CONHECIMENTO="Nutrição" NOME-DA-SUB-AREA-DO-CONHECIMENTO="" NOME-DA-ESPECIALIDADE=""/></AREAS-DO-CONHECIMENTO><SETORES-DE-ATIVIDADE SETOR-DE-ATIVIDADE-1="Saúde e Serviços Sociais" SETOR-DE-ATIVIDADE-2="" SETOR-DE-ATIVIDADE-3=""/><INFORMACOES-ADICIONAIS DESCRICAO-INFORMACOES-ADICIONAIS="" DESCRICAO-INFORMACOES-ADICIONAIS-INGLES=""/></ARTIGO-PUBLICADO><ARTIGO-PUBLICADO SEQUENCIA-PRODUCAO="4"><DADOS-BASICOS-DO-ARTIGO NATUREZA="COMPLETO" TITULO-DO-ARTIGO="The Influence of immigrant status and acculturation on development of overweight in Latino families: a qualitative study" ANO-DO-ARTIGO="2008" PAIS-DE-PUBLICACAO="" IDIOMA="Inglês" MEIO-DE-DIVULGACAO="IMPRESSO" HOME-PAGE-DO-TRABALHO="" FLAG-RELEVANCIA="NAO" DOI="" TITULO-DO-ARTIGO-INGLES=""/><DETALHAMENTO-DO-ARTIGO TITULO-DO-PERIODICO-OU-REVISTA="Journal of Immigrant and Minority Health" ISSN="15571912" VOLUME="10" FASCICULO="" SERIE="6" PAGINA-INICIAL="497" PAGINA-FINAL="505" LOCAL-DE-PUBLICACAO=""/><AUTORES NOME-COMPLETO-DO-AUTOR="Sussner KM" NOME-PARA-CITACAO="Sussner KM" ORDEM-DE-AUTORIA="1" NRO-ID-CNPQ=""/><AUTORES NOME-COMPLETO-DO-AUTOR="Karen Eillen Peterson" NOME-PARA-CITACAO="PETERSON, K. E." ORDEM-DE-AUTORIA="3" NRO-ID-CNPQ=""/><AUTORES NOME-COMPLETO-DO-AUTOR="Ana Cristina Lindsay" NOME-PARA-CITACAO="Lindsay, Terra de Souza, de Souza, Souza" ORDEM-DE-AUTORIA="2"/><PALAVRAS-CHAVE PALAVRA-CHAVE-1="acculturation" PALAVRA-CHAVE-2="overweight" PALAVRA-CHAVE-3="Latino" PALAVRA-CHAVE-4="qualitative study" PALAVRA-CHAVE-5="" PALAVRA-CHAVE-6=""/><AREAS-DO-CONHECIMENTO><AREA-DO-CONHECIMENTO-1 NOME-GRANDE-AREA-DO-CONHECIMENTO="CIENCIAS_DA_SAUDE" NOME-DA-AREA-DO-CONHECIMENTO="Saúde Coletiva" NOME-DA-SUB-AREA-DO-CONHECIMENTO="" NOME-DA-ESPECIALIDADE=""/><AREA-DO-CONHECIMENTO-2 NOME-GRANDE-AREA-DO-CONHECIMENTO="CIENCIAS_DA_SAUDE" NOME-DA-AREA-DO-CONHECIMENTO="Nutrição" NOME-DA-SUB-AREA-DO-CONHECIMENTO="" NOME-DA-ESPECIALIDADE=""/></AREAS-DO-CONHECIMENTO><SETORES-DE-ATIVIDADE SETOR-DE-ATIVIDADE-1="Saúde e Serviços Sociais" SETOR-DE-ATIVIDADE-2="" SETOR-DE-ATIVIDADE-3=""/><INFORMACOES-ADICIONAIS DESCRICAO-INFORMACOES-ADICIONAIS="" DESCRICAO-INFORMACOES-ADICIONAIS-INGLES=""/></ARTIGO-PUBLICADO><ARTIGO-PUBLICADO SEQUENCIA-PRODUCAO="5"><DADOS-BASICOS-DO-ARTIGO NATUREZA="COMPLETO" TITULO-DO-ARTIGO="The influence of maternal acculturation on child body mass index BMI at age 24 months" ANO-DO-ARTIGO="2009" PAIS-DE-PUBLICACAO="" IDIOMA="Inglês" MEIO-DE-DIVULGACAO="IMPRESSO" HOME-PAGE-DO-TRABALHO="" FLAG-RELEVANCIA="SIM" DOI="" TITULO-DO-ARTIGO-INGLES=""/><DETALHAMENTO-DO-ARTIGO TITULO-DO-PERIODICO-OU-REVISTA="Journal of the American Dietetic Association" ISSN="00028223" VOLUME="109" FASCICULO="" SERIE="2" PAGINA-INICIAL="218" PAGINA-FINAL="225" LOCAL-DE-PUBLICACAO=""/><AUTORES NOME-COMPLETO-DO-AUTOR="Sussner KM" NOME-PARA-CITACAO="Sussner KM" ORDEM-DE-AUTORIA="1" NRO-ID-CNPQ=""/><AUTORES NOME-COMPLETO-DO-AUTOR="Karen Eillen Peterson" NOME-PARA-CITACAO="PETERSON, K. E." ORDEM-DE-AUTORIA="3" NRO-ID-CNPQ=""/><AUTORES NOME-COMPLETO-DO-AUTOR="Ana Cristina Lindsay" NOME-PARA-CITACAO="Lindsay, Terra de Souza, de Souza, Souza" ORDEM-DE-AUTORIA="2"/><PALAVRAS-CHAVE PALAVRA-CHAVE-1="acculturation" PALAVRA-CHAVE-2="body mass index (BMI)" PALAVRA-CHAVE-3="Children" PALAVRA-CHAVE-4="Latino" PALAVRA-CHAVE-5="" PALAVRA-CHAVE-6=""/><AREAS-DO-CONHECIMENTO><AREA-DO-CONHECIMENTO-1 NOME-GRANDE-AREA-DO-CONHECIMENTO="CIENCIAS_DA_SAUDE" NOME-DA-AREA-DO-CONHECIMENTO="Saúde Coletiva" NOME-DA-SUB-AREA-DO-CONHECIMENTO="" NOME-DA-ESPECIALIDADE=""/><AREA-DO-CONHECIMENTO-2 NOME-GRANDE-AREA-DO-CONHECIMENTO="CIENCIAS_DA_SAUDE" NOME-DA-AREA-DO-CONHECIMENTO="Nutrição" NOME-DA-SUB-AREA-DO-CONHECIMENTO="" NOME-DA-ESPECIALIDADE=""/></AREAS-DO-CONHECIMENTO><SETORES-DE-ATIVIDADE SETOR-DE-ATIVIDADE-1="Saúde e Serviços Sociais" SETOR-DE-ATIVIDADE-2="" SETOR-DE-ATIVIDADE-3=""/><INFORMACOES-ADICIONAIS DESCRICAO-INFORMACOES-ADICIONAIS="" DESCRICAO-INFORMACOES-ADICIONAIS-INGLES=""/></ARTIGO-PUBLICADO><ARTIGO-PUBLICADO SEQUENCIA-PRODUCAO="6"><DADOS-BASICOS-DO-ARTIGO NATUREZA="COMPLETO" TITULO-DO-ARTIGO="Infant feeding practices and beliefs related to weaning among low-income Brazilian mothers: a qualitative study" ANO-DO-ARTIGO="2008" PAIS-DE-PUBLICACAO="" IDIOMA="Inglês" MEIO-DE-DIVULGACAO="IMPRESSO" HOME-PAGE-DO-TRABALHO="" FLAG-RELEVANCIA="SIM" DOI="" TITULO-DO-ARTIGO-INGLES=""/><DETALHAMENTO-DO-ARTIGO TITULO-DO-PERIODICO-OU-REVISTA="Food &amp; Nutrition Bulletin (Leatherhead)" ISSN="14626373" VOLUME="29" FASCICULO="" SERIE="1" PAGINA-INICIAL="15" PAGINA-FINAL="24" LOCAL-DE-PUBLICACAO=""/><AUTORES NOME-COMPLETO-DO-AUTOR="Marcia Maria Tavares Machado" NOME-PARA-CITACAO="Marcia Ma Tavares Machado" ORDEM-DE-AUTORIA="2" NRO-ID-CNPQ=""/><AUTORES NOME-COMPLETO-DO-AUTOR="Sussner KM" NOME-PARA-CITACAO="Sussner KM" ORDEM-DE-AUTORIA="3" NRO-ID-CNPQ=""/><AUTORES NOME-COMPLETO-DO-AUTOR="Hardwich C" NOME-PARA-CITACAO="Hardwick C" ORDEM-DE-AUTORIA="4" NRO-ID-CNPQ=""/><AUTORES NOME-COMPLETO-DO-AUTOR="Karen Eillen Peterson" NOME-PARA-CITACAO="PETERSON, K. E." ORDEM-DE-AUTORIA="5" NRO-ID-CNPQ=""/><AUTORES NOME-COMPLETO-DO-AUTOR="Ana Cristina Lindsay" NOME-PARA-CITACAO="Lindsay, Terra de Souza, de Souza, Souza" ORDEM-DE-AUTORIA="1"/><PALAVRAS-CHAVE PALAVRA-CHAVE-1="INFANT FEEDING" PALAVRA-CHAVE-2="Brazilian Mothers" PALAVRA-CHAVE-3="qualitative study" PALAVRA-CHAVE-4="" PALAVRA-CHAVE-5="" PALAVRA-CHAVE-6=""/><AREAS-DO-CONHECIMENTO><AREA-DO-CONHECIMENTO-1 NOME-GRANDE-AREA-DO-CONHECIMENTO="CIENCIAS_DA_SAUDE" NOME-DA-AREA-DO-CONHECIMENTO="Saúde Coletiva" NOME-DA-SUB-AREA-DO-CONHECIMENTO="" NOME-DA-ESPECIALIDADE=""/><AREA-DO-CONHECIMENTO-2 NOME-GRANDE-AREA-DO-CONHECIMENTO="CIENCIAS_DA_SAUDE" NOME-DA-AREA-DO-CONHECIMENTO="Nutrição" NOME-DA-SUB-AREA-DO-CONHECIMENTO="" NOME-DA-ESPECIALIDADE=""/></AREAS-DO-CONHECIMENTO><SETORES-DE-ATIVIDADE SETOR-DE-ATIVIDADE-1="Saúde e Serviços Sociais" SETOR-DE-ATIVIDADE-2="" SETOR-DE-ATIVIDADE-3=""/><INFORMACOES-ADICIONAIS DESCRICAO-INFORMACOES-ADICIONAIS="" DESCRICAO-INFORMACOES-ADICIONAIS-INGLES=""/></ARTIGO-PUBLICADO><ARTIGO-PUBLICADO SEQUENCIA-PRODUCAO="7"><DADOS-BASICOS-DO-ARTIGO NATUREZA="COMPLETO" TITULO-DO-ARTIGO="Understanding the Data-Action Cycle of Surveillance: A qualitative study of Federal and State Stakeholders" ANO-DO-ARTIGO="2009" PAIS-DE-PUBLICACAO="" IDIOMA="Português" MEIO-DE-DIVULGACAO="IMPRESSO" HOME-PAGE-DO-TRABALHO="" FLAG-RELEVANCIA="NAO" DOI="" TITULO-DO-ARTIGO-INGLES=""/><DETALHAMENTO-DO-ARTIGO TITULO-DO-PERIODICO-OU-REVISTA="Health Promotion Practice" ISSN="15248399" VOLUME="19" FASCICULO="" SERIE="1" PAGINA-INICIAL="222" PAGINA-FINAL="229" LOCAL-DE-PUBLICACAO=""/><AUTORES NOME-COMPLETO-DO-AUTOR="Sussner KM" NOME-PARA-CITACAO="Sussner KM" ORDEM-DE-AUTORIA="2" NRO-ID-CNPQ=""/><AUTORES NOME-COMPLETO-DO-AUTOR="Greaney ML" NOME-PARA-CITACAO="Greaney ML" ORDEM-DE-AUTORIA="3" NRO-ID-CNPQ=""/><AUTORES NOME-COMPLETO-DO-AUTOR="Mierzwa S" NOME-PARA-CITACAO="Mierzwa, S." ORDEM-DE-AUTORIA="4" NRO-ID-CNPQ=""/><AUTORES NOME-COMPLETO-DO-AUTOR="Rich-Edwards J" NOME-PARA-CITACAO="Rich-Edwards, J." ORDEM-DE-AUTORIA="5" NRO-ID-CNPQ=""/><AUTORES NOME-COMPLETO-DO-AUTOR="Karen Eillen Peterson" NOME-PARA-CITACAO="PETERSON, K. E." ORDEM-DE-AUTORIA="6" NRO-ID-CNPQ=""/><AUTORES NOME-COMPLETO-DO-AUTOR="Ana Cristina Lindsay" NOME-PARA-CITACAO="Lindsay, Terra de Souza, de Souza, Souza" ORDEM-DE-AUTORIA="1"/><PALAVRAS-CHAVE PALAVRA-CHAVE-1="SURVEILLANCE" PALAVRA-CHAVE-2="NUTRITION" PALAVRA-CHAVE-3="physical activity" PALAVRA-CHAVE-4="qualitative study" PALAVRA-CHAVE-5="" PALAVRA-CHAVE-6=""/><AREAS-DO-CONHECIMENTO><AREA-DO-CONHECIMENTO-1 NOME-GRANDE-AREA-DO-CONHECIMENTO="CIENCIAS_DA_SAUDE" NOME-DA-AREA-DO-CONHECIMENTO="Saúde Coletiva" NOME-DA-SUB-AREA-DO-CONHECIMENTO="" NOME-DA-ESPECIALIDADE=""/><AREA-DO-CONHECIMENTO-2 NOME-GRANDE-AREA-DO-CONHECIMENTO="CIENCIAS_DA_SAUDE" NOME-DA-AREA-DO-CONHECIMENTO="Nutrição" NOME-DA-SUB-AREA-DO-CONHECIMENTO="" NOME-DA-ESPECIALIDADE=""/></AREAS-DO-CONHECIMENTO><SETORES-DE-ATIVIDADE SETOR-DE-ATIVIDADE-1="Saúde e Serviços Sociais" SETOR-DE-ATIVIDADE-2="" SETOR-DE-ATIVIDADE-3=""/><INFORMACOES-ADICIONAIS DESCRICAO-INFORMACOES-ADICIONAIS="" DESCRICAO-INFORMACOES-ADICIONAIS-INGLES=""/></ARTIGO-PUBLICADO><ARTIGO-PUBLICADO SEQUENCIA-PRODUCAO="10"><DADOS-BASICOS-DO-ARTIGO NATUREZA="COMPLETO" TITULO-DO-ARTIGO="Maternal Health Care Services in the State of Ceara, Northeast Brazil" ANO-DO-ARTIGO="2007" PAIS-DE-PUBLICACAO="" IDIOMA="Inglês" MEIO-DE-DIVULGACAO="IMPRESSO" HOME-PAGE-DO-TRABALHO="" FLAG-RELEVANCIA="NAO" DOI="" TITULO-DO-ARTIGO-INGLES=""/><DETALHAMENTO-DO-ARTIGO TITULO-DO-PERIODICO-OU-REVISTA="Journal of Women's Health and Urban Life" ISSN="14990369" VOLUME="VI" FASCICULO="" SERIE="1" PAGINA-INICIAL="60" PAGINA-FINAL="78" LOCAL-DE-PUBLICACAO=""/><AUTORES NOME-COMPLETO-DO-AUTOR="Tamara Dubowitz" NOME-PARA-CITACAO="Dubowitz, T." ORDEM-DE-AUTORIA="2" NRO-ID-CNPQ=""/><AUTORES NOME-COMPLETO-DO-AUTOR="Maria Francisca Andrade" NOME-PARA-CITACAO="Andrade, MF" ORDEM-DE-AUTORIA="3" NRO-ID-CNPQ=""/><AUTORES NOME-COMPLETO-DO-AUTOR="Karen Eillen Peterson" NOME-PARA-CITACAO="PETERSON, K. E." ORDEM-DE-AUTORIA="4" NRO-ID-CNPQ=""/><AUTORES NOME-COMPLETO-DO-AUTOR="Ana Cristina Lindsay" NOME-PARA-CITACAO="Lindsay, Terra de Souza, de Souza, Souza" ORDEM-DE-AUTORIA="1"/><PALAVRAS-CHAVE PALAVRA-CHAVE-1="MATERNAL" PALAVRA-CHAVE-2="Health Services" PALAVRA-CHAVE-3="Ceara, NortheastBrazil" PALAVRA-CHAVE-4="" PALAVRA-CHAVE-5="" PALAVRA-CHAVE-6=""/><AREAS-DO-CONHECIMENTO><AREA-DO-CONHECIMENTO-1 NOME-GRANDE-AREA-DO-CONHECIMENTO="CIENCIAS_DA_SAUDE" NOME-DA-AREA-DO-CONHECIMENTO="Saúde Coletiva" NOME-DA-SUB-AREA-DO-CONHECIMENTO="" NOME-DA-ESPECIALIDADE=""/><AREA-DO-CONHECIMENTO-2 NOME-GRANDE-AREA-DO-CONHECIMENTO="CIENCIAS_DA_SAUDE" NOME-DA-AREA-DO-CONHECIMENTO="Nutrição" NOME-DA-SUB-AREA-DO-CONHECIMENTO="" NOME-DA-ESPECIALIDADE=""/></AREAS-DO-CONHECIMENTO><SETORES-DE-ATIVIDADE SETOR-DE-ATIVIDADE-1="Saúde e Serviços Sociais" SETOR-DE-ATIVIDADE-2="" SETOR-DE-ATIVIDADE-3=""/><INFORMACOES-ADICIONAIS DESCRICAO-INFORMACOES-ADICIONAIS="" DESCRICAO-INFORMACOES-ADICIONAIS-INGLES=""/></ARTIGO-PUBLICADO><ARTIGO-PUBLICADO SEQUENCIA-PRODUCAO="11"><DADOS-BASICOS-DO-ARTIGO NATUREZA="COMPLETO" TITULO-DO-ARTIGO="Translating research into action: a case-study on trans fatty acid research and nutrition policy in Costa Rica" ANO-DO-ARTIGO="2007" PAIS-DE-PUBLICACAO="" IDIOMA="Inglês" MEIO-DE-DIVULGACAO="IMPRESSO" HOME-PAGE-DO-TRABALHO="" FLAG-RELEVANCIA="NAO" DOI="" TITULO-DO-ARTIGO-INGLES=""/><DETALHAMENTO-DO-ARTIGO TITULO-DO-PERIODICO-OU-REVISTA="Health Policy and Planning (Oxford)" ISSN="02681080" VOLUME="22" FASCICULO="" SERIE="6" PAGINA-INICIAL="363" PAGINA-FINAL="374" LOCAL-DE-PUBLICACAO=""/><AUTORES NOME-COMPLETO-DO-AUTOR="Uriyoan Colon-Ramos" NOME-PARA-CITACAO="Colon-Ramos, U." ORDEM-DE-AUTORIA="1" NRO-ID-CNPQ=""/><AUTORES NOME-COMPLETO-DO-AUTOR="Rafael Monge-Rojas" NOME-PARA-CITACAO="Monge-Rojas, R." ORDEM-DE-AUTORIA="3" NRO-ID-CNPQ=""/><AUTORES NOME-COMPLETO-DO-AUTOR="Greaney ML" NOME-PARA-CITACAO="Greaney ML" ORDEM-DE-AUTORIA="4" NRO-ID-CNPQ=""/><AUTORES NOME-COMPLETO-DO-AUTOR="Hannia Campos" NOME-PARA-CITACAO="Campos, H." ORDEM-DE-AUTORIA="5" NRO-ID-CNPQ=""/><AUTORES NOME-COMPLETO-DO-AUTOR="Karen Eillen Peterson" NOME-PARA-CITACAO="PETERSON, K. E." ORDEM-DE-AUTORIA="6" NRO-ID-CNPQ=""/><AUTORES NOME-COMPLETO-DO-AUTOR="Ana Cristina Lindsay" NOME-PARA-CITACAO="Lindsay, Terra de Souza, de Souza, Souza" ORDEM-DE-AUTORIA="2"/><PALAVRAS-CHAVE PALAVRA-CHAVE-1="case study" PALAVRA-CHAVE-2="Costa Rica" PALAVRA-CHAVE-3="" PALAVRA-CHAVE-4="" PALAVRA-CHAVE-5="" PALAVRA-CHAVE-6=""/><AREAS-DO-CONHECIMENTO/><INFORMACOES-ADICIONAIS DESCRICAO-INFORMACOES-ADICIONAIS="" DESCRICAO-INFORMACOES-ADICIONAIS-INGLES=""/></ARTIGO-PUBLICADO><ARTIGO-PUBLICADO SEQUENCIA-PRODUCAO="12"><DADOS-BASICOS-DO-ARTIGO NATUREZA="COMPLETO" TITULO-DO-ARTIGO="Assessing the feasibility of a multi-program intervention to promote physical activity and healthful eating among middle schools prior to wide-scale implementation" ANO-DO-ARTIGO="2007" PAIS-DE-PUBLICACAO="" IDIOMA="Inglês" MEIO-DE-DIVULGACAO="IMPRESSO" HOME-PAGE-DO-TRABALHO="" FLAG-RELEVANCIA="NAO" DOI="" TITULO-DO-ARTIGO-INGLES=""/><DETALHAMENTO-DO-ARTIGO TITULO-DO-PERIODICO-OU-REVISTA="American Journal of health Education" ISSN="19325037" VOLUME="38" FASCICULO="" SERIE="5" PAGINA-INICIAL="250" PAGINA-FINAL="257" LOCAL-DE-PUBLICACAO=""/><AUTORES NOME-COMPLETO-DO-AUTOR="Greaney ML" NOME-PARA-CITACAO="Greaney ML" ORDEM-DE-AUTORIA="1" NRO-ID-CNPQ=""/><AUTORES NOME-COMPLETO-DO-AUTOR="Hardwich C" NOME-PARA-CITACAO="Hardwick C" ORDEM-DE-AUTORIA="2" NRO-ID-CNPQ=""/><AUTORES NOME-COMPLETO-DO-AUTOR="Megzebu, S." NOME-PARA-CITACAO="Megzebu, S." ORDEM-DE-AUTORIA="3" NRO-ID-CNPQ=""/><AUTORES NOME-COMPLETO-DO-AUTOR="Michelle L. Roover" NOME-PARA-CITACAO="Roover, ML." ORDEM-DE-AUTORIA="5" NRO-ID-CNPQ=""/><AUTORES NOME-COMPLETO-DO-AUTOR="Karen Eillen Peterson" NOME-PARA-CITACAO="PETERSON, K. E." ORDEM-DE-AUTORIA="6" NRO-ID-CNPQ=""/><AUTORES NOME-COMPLETO-DO-AUTOR="Ana Cristina Lindsay" NOME-PARA-CITACAO="Lindsay, Terra de Souza, de Souza, Souza" ORDEM-DE-AUTORIA="4"/><PALAVRAS-CHAVE PALAVRA-CHAVE-1="physical activity" PALAVRA-CHAVE-2="HEALTHY EATING" PALAVRA-CHAVE-3="PROGRAM" PALAVRA-CHAVE-4="MIDDLE SCHOOLS" PALAVRA-CHAVE-5="qualitative study" PALAVRA-CHAVE-6=""/><AREAS-DO-CONHECIMENTO><AREA-DO-CONHECIMENTO-1 NOME-GRANDE-AREA-DO-CONHECIMENTO="CIENCIAS_DA_SAUDE" NOME-DA-AREA-DO-CONHECIMENTO="Saúde Coletiva" NOME-DA-SUB-AREA-DO-CONHECIMENTO="" NOME-DA-ESPECIALIDADE=""/><AREA-DO-CONHECIMENTO-2 NOME-GRANDE-AREA-DO-CONHECIMENTO="CIENCIAS_DA_SAUDE" NOME-DA-AREA-DO-CONHECIMENTO="Nutrição" NOME-DA-SUB-AREA-DO-CONHECIMENTO="" NOME-DA-ESPECIALIDADE=""/></AREAS-DO-CONHECIMENTO><SETORES-DE-ATIVIDADE SETOR-DE-ATIVIDADE-1="Saúde e Serviços Sociais" SETOR-DE-ATIVIDADE-2="" SETOR-DE-ATIVIDADE-3=""/><INFORMACOES-ADICIONAIS DESCRICAO-INFORMACOES-ADICIONAIS="" DESCRICAO-INFORMACOES-ADICIONAIS-INGLES=""/></ARTIGO-PUBLICADO><ARTIGO-PUBLICADO SEQUENCIA-PRODUCAO="13"><DADOS-BASICOS-DO-ARTIGO NATUREZA="COMPLETO" TITULO-DO-ARTIGO="Lifecourse, immigrant status, and acculturation in food purchasing and preparation among low-income mothers" ANO-DO-ARTIGO="2007" PAIS-DE-PUBLICACAO="" IDIOMA="Português" MEIO-DE-DIVULGACAO="NAO_INFORMADO" HOME-PAGE-DO-TRABALHO="" FLAG-RELEVANCIA="NAO" DOI="" TITULO-DO-ARTIGO-INGLES=""/><DETALHAMENTO-DO-ARTIGO TITULO-DO-PERIODICO-OU-REVISTA="Public Health Nutrition (Wallingford)" ISSN="13689800" VOLUME="10" FASCICULO="" SERIE="4" PAGINA-INICIAL="396" PAGINA-FINAL="403" LOCAL-DE-PUBLICACAO=""/><AUTORES NOME-COMPLETO-DO-AUTOR="Tamara Dubowitz" NOME-PARA-CITACAO="Dubowitz, T." ORDEM-DE-AUTORIA="1" NRO-ID-CNPQ=""/><AUTORES NOME-COMPLETO-DO-AUTOR="Dolores Acevedo-Garcia" NOME-PARA-CITACAO="Acevedo-Garcia, D." ORDEM-DE-AUTORIA="2" NRO-ID-CNPQ=""/><AUTORES NOME-COMPLETO-DO-AUTOR="Judith Salkeld" NOME-PARA-CITACAO="Salkeld, J." ORDEM-DE-AUTORIA="3" NRO-ID-CNPQ=""/><AUTORES NOME-COMPLETO-DO-AUTOR="SUBRAMANIAN, SV" NOME-PARA-CITACAO="SUBRAMANIAN, SV" ORDEM-DE-AUTORIA="5" NRO-ID-CNPQ=""/><AUTORES NOME-COMPLETO-DO-AUTOR="Karen Eillen Peterson" NOME-PARA-CITACAO="PETERSON, K. E." ORDEM-DE-AUTORIA="6" NRO-ID-CNPQ=""/><AUTORES NOME-COMPLETO-DO-AUTOR="Ana Cristina Lindsay" NOME-PARA-CITACAO="Lindsay, Terra de Souza, de Souza, Souza" ORDEM-DE-AUTORIA="4"/><PALAVRAS-CHAVE PALAVRA-CHAVE-1="acculturation" PALAVRA-CHAVE-2="FOOD PURCHASING" PALAVRA-CHAVE-3="LOW-INCOME" PALAVRA-CHAVE-4="WOMEN" PALAVRA-CHAVE-5="" PALAVRA-CHAVE-6=""/><AREAS-DO-CONHECIMENTO><AREA-DO-CONHECIMENTO-1 NOME-GRANDE-AREA-DO-CONHECIMENTO="CIENCIAS_DA_SAUDE" NOME-DA-AREA-DO-CONHECIMENTO="Saúde Coletiva" NOME-DA-SUB-AREA-DO-CONHECIMENTO="" NOME-DA-ESPECIALIDADE=""/><AREA-DO-CONHECIMENTO-2 NOME-GRANDE-AREA-DO-CONHECIMENTO="CIENCIAS_DA_SAUDE" NOME-DA-AREA-DO-CONHECIMENTO="Nutrição" NOME-DA-SUB-AREA-DO-CONHECIMENTO="" NOME-DA-ESPECIALIDADE=""/></AREAS-DO-CONHECIMENTO><SETORES-DE-ATIVIDADE SETOR-DE-ATIVIDADE-1="Saúde e Serviços Sociais" SETOR-DE-ATIVIDADE-2="" SETOR-DE-ATIVIDADE-3=""/><INFORMACOES-ADICIONAIS DESCRICAO-INFORMACOES-ADICIONAIS="" DESCRICAO-INFORMACOES-ADICIONAIS-INGLES=""/></ARTIGO-PUBLICADO><ARTIGO-PUBLICADO SEQUENCIA-PRODUCAO="14"><DADOS-BASICOS-DO-ARTIGO NATUREZA="COMPLETO" TITULO-DO-ARTIGO="A qualitaive study of a nutrition workgroup" ANO-DO-ARTIGO="2007" PAIS-DE-PUBLICACAO="" IDIOMA="Inglês" MEIO-DE-DIVULGACAO="MEIO_DIGITAL" HOME-PAGE-DO-TRABALHO="" FLAG-RELEVANCIA="NAO" DOI="" TITULO-DO-ARTIGO-INGLES=""/><DETALHAMENTO-DO-ARTIGO TITULO-DO-PERIODICO-OU-REVISTA="Health Promotion Practice" ISSN="15248399" VOLUME="8" FASCICULO="" SERIE="3" PAGINA-INICIAL="299" PAGINA-FINAL="306" LOCAL-DE-PUBLICACAO=""/><AUTORES NOME-COMPLETO-DO-AUTOR="Geoffrey Greene" NOME-PARA-CITACAO="Greene, G." ORDEM-DE-AUTORIA="1" NRO-ID-CNPQ=""/><AUTORES NOME-COMPLETO-DO-AUTOR="Karen Eillen Peterson" NOME-PARA-CITACAO="PETERSON, K. E." ORDEM-DE-AUTORIA="2" NRO-ID-CNPQ=""/><AUTORES NOME-COMPLETO-DO-AUTOR="Linda Nebeling" NOME-PARA-CITACAO="Nebeling, L." ORDEM-DE-AUTORIA="3" NRO-ID-CNPQ=""/><AUTORES NOME-COMPLETO-DO-AUTOR="Greaney ML" NOME-PARA-CITACAO="Greaney ML" ORDEM-DE-AUTORIA="4" NRO-ID-CNPQ=""/><AUTORES NOME-COMPLETO-DO-AUTOR="Hardwich C" NOME-PARA-CITACAO="Hardwick C" ORDEM-DE-AUTORIA="6" NRO-ID-CNPQ=""/><AUTORES NOME-COMPLETO-DO-AUTOR="Toobert D" NOME-PARA-CITACAO="Toobert D" ORDEM-DE-AUTORIA="7" NRO-ID-CNPQ=""/><AUTORES NOME-COMPLETO-DO-AUTOR="Kenneth Resnicow" NOME-PARA-CITACAO="Resnicow, K." ORDEM-DE-AUTORIA="8" NRO-ID-CNPQ=""/><AUTORES NOME-COMPLETO-DO-AUTOR="Williams G" NOME-PARA-CITACAO="Williams G" ORDEM-DE-AUTORIA="9" NRO-ID-CNPQ=""/><AUTORES NOME-COMPLETO-DO-AUTOR="Eliot D" NOME-PARA-CITACAO="Eliot, D." ORDEM-DE-AUTORIA="10" NRO-ID-CNPQ=""/><AUTORES NOME-COMPLETO-DO-AUTOR="Goodman Sher, T." NOME-PARA-CITACAO="Goodman Sher, T." ORDEM-DE-AUTORIA="11" NRO-ID-CNPQ=""/><AUTORES NOME-COMPLETO-DO-AUTOR="McGregor HA" NOME-PARA-CITACAO="McGregor, HA" ORDEM-DE-AUTORIA="12" NRO-ID-CNPQ=""/><AUTORES NOME-COMPLETO-DO-AUTOR="Breger R." NOME-PARA-CITACAO="Breger, R." ORDEM-DE-AUTORIA="13" NRO-ID-CNPQ=""/><AUTORES NOME-COMPLETO-DO-AUTOR="Ana Cristina Lindsay" NOME-PARA-CITACAO="Lindsay, Terra de Souza, de Souza, Souza" ORDEM-DE-AUTORIA="5"/><PALAVRAS-CHAVE PALAVRA-CHAVE-1="qualitative study" PALAVRA-CHAVE-2="NUTRITION" PALAVRA-CHAVE-3="workgroup" PALAVRA-CHAVE-4="" PALAVRA-CHAVE-5="" PALAVRA-CHAVE-6=""/><AREAS-DO-CONHECIMENTO><AREA-DO-CONHECIMENTO-1 NOME-GRANDE-AREA-DO-CONHECIMENTO="CIENCIAS_DA_SAUDE" NOME-DA-AREA-DO-CONHECIMENTO="Saúde Coletiva" NOME-DA-SUB-AREA-DO-CONHECIMENTO="" NOME-DA-ESPECIALIDADE=""/><AREA-DO-CONHECIMENTO-2 NOME-GRANDE-AREA-DO-CONHECIMENTO="CIENCIAS_DA_SAUDE" NOME-DA-AREA-DO-CONHECIMENTO="Nutrição" NOME-DA-SUB-AREA-DO-CONHECIMENTO="" NOME-DA-ESPECIALIDADE=""/></AREAS-DO-CONHECIMENTO><SETORES-DE-ATIVIDADE SETOR-DE-ATIVIDADE-1="Saúde e Serviços Sociais" SETOR-DE-ATIVIDADE-2="" SETOR-DE-ATIVIDADE-3=""/><INFORMACOES-ADICIONAIS DESCRICAO-INFORMACOES-ADICIONAIS="" DESCRICAO-INFORMACOES-ADICIONAIS-INGLES=""/></ARTIGO-PUBLICADO><ARTIGO-PUBLICADO SEQUENCIA-PRODUCAO="15"><DADOS-BASICOS-DO-ARTIGO NATUREZA="COMPLETO" TITULO-DO-ARTIGO="Practicas Alimentares de Criancas Nascidas de Mulheres com HIV/Aids no Nordeste do Brasil." ANO-DO-ARTIGO="2007" PAIS-DE-PUBLICACAO="" IDIOMA="Português" MEIO-DE-DIVULGACAO="IMPRESSO" HOME-PAGE-DO-TRABALHO="" FLAG-RELEVANCIA="NAO" DOI="" TITULO-DO-ARTIGO-INGLES=""/><DETALHAMENTO-DO-ARTIGO TITULO-DO-PERIODICO-OU-REVISTA="Revista Eletrônica de Enfermagem" ISSN="15181944" VOLUME="9" FASCICULO="" SERIE="3" PAGINA-INICIAL="699" PAGINA-FINAL="711" LOCAL-DE-PUBLICACAO=""/><AUTORES NOME-COMPLETO-DO-AUTOR="Marcia Maria Tavares Machado" NOME-PARA-CITACAO="Marcia Ma Tavares Machado" ORDEM-DE-AUTORIA="1" NRO-ID-CNPQ=""/><AUTORES NOME-COMPLETO-DO-AUTOR="Marli M T Galvao" NOME-PARA-CITACAO="Galvao, MTG" ORDEM-DE-AUTORIA="2" NRO-ID-CNPQ=""/><AUTORES NOME-COMPLETO-DO-AUTOR="Ligia Regina Sansigolo Kerr" NOME-PARA-CITACAO="Kerr, SLR" ORDEM-DE-AUTORIA="3" NRO-ID-CNPQ=""/><AUTORES NOME-COMPLETO-DO-AUTOR="Antonio Jose Ledo Alves da Cunha" NOME-PARA-CITACAO="Alves da Cunha, AJL" ORDEM-DE-AUTORIA="4" NRO-ID-CNPQ="3092151856113795"/><AUTORES NOME-COMPLETO-DO-AUTOR="Leite RD" NOME-PARA-CITACAO="Leite RD" ORDEM-DE-AUTORIA="6" NRO-ID-CNPQ=""/><AUTORES NOME-COMPLETO-DO-AUTOR="Leite CAC" NOME-PARA-CITACAO="Leite CAC" ORDEM-DE-AUTORIA="7" NRO-ID-CNPQ=""/><AUTORES NOME-COMPLETO-DO-AUTOR="Ana Cristina Lindsay" NOME-PARA-CITACAO="Lindsay, Terra de Souza, de Souza, Souza" ORDEM-DE-AUTORIA="5"/><PALAVRAS-CHAVE PALAVRA-CHAVE-1="PRATICAS ALIMENTARES" PALAVRA-CHAVE-2="HIV/Aids" PALAVRA-CHAVE-3="Criancas" PALAVRA-CHAVE-4="Mulheres" PALAVRA-CHAVE-5="" PALAVRA-CHAVE-6=""/><AREAS-DO-CONHECIMENTO><AREA-DO-CONHECIMENTO-1 NOME-GRANDE-AREA-DO-CONHECIMENTO="CIENCIAS_DA_SAUDE" NOME-DA-AREA-DO-CONHECIMENTO="Saúde Coletiva" NOME-DA-SUB-AREA-DO-CONHECIMENTO="" NOME-DA-ESPECIALIDADE=""/><AREA-DO-CONHECIMENTO-2 NOME-GRANDE-AREA-DO-CONHECIMENTO="CIENCIAS_DA_SAUDE" NOME-DA-AREA-DO-CONHECIMENTO="Nutrição" NOME-DA-SUB-AREA-DO-CONHECIMENTO="" NOME-DA-ESPECIALIDADE=""/></AREAS-DO-CONHECIMENTO><SETORES-DE-ATIVIDADE SETOR-DE-ATIVIDADE-1="Saúde e Serviços Sociais" SETOR-DE-ATIVIDADE-2="" SETOR-DE-ATIVIDADE-3=""/><INFORMACOES-ADICIONAIS DESCRICAO-INFORMACOES-ADICIONAIS="" DESCRICAO-INFORMACOES-ADICIONAIS-INGLES=""/></ARTIGO-PUBLICADO><ARTIGO-PUBLICADO SEQUENCIA-PRODUCAO="16"><DADOS-BASICOS-DO-ARTIGO NATUREZA="COMPLETO" TITULO-DO-ARTIGO="The role of parents in preventing childhood obesity" ANO-DO-ARTIGO="2006" PAIS-DE-PUBLICACAO="" IDIOMA="Inglês" MEIO-DE-DIVULGACAO="IMPRESSO" HOME-PAGE-DO-TRABALHO="" FLAG-RELEVANCIA="SIM" DOI="" TITULO-DO-ARTIGO-INGLES=""/><DETALHAMENTO-DO-ARTIGO TITULO-DO-PERIODICO-OU-REVISTA="Future of Children" ISSN="10548289" VOLUME="16" FASCICULO="" SERIE="1" PAGINA-INICIAL="169" PAGINA-FINAL="186" LOCAL-DE-PUBLICACAO=""/><AUTORES NOME-COMPLETO-DO-AUTOR="Sussner KM" NOME-PARA-CITACAO="Sussner KM" ORDEM-DE-AUTORIA="2" NRO-ID-CNPQ=""/><AUTORES NOME-COMPLETO-DO-AUTOR="Juhee Kim" NOME-PARA-CITACAO="Kim, J." ORDEM-DE-AUTORIA="3" NRO-ID-CNPQ=""/><AUTORES NOME-COMPLETO-DO-AUTOR="Steven Gortmaker" NOME-PARA-CITACAO="Gortmaker, S." ORDEM-DE-AUTORIA="4" NRO-ID-CNPQ=""/><AUTORES NOME-COMPLETO-DO-AUTOR="Ana Cristina Lindsay" NOME-PARA-CITACAO="Lindsay, Terra de Souza, de Souza, Souza" ORDEM-DE-AUTORIA="1"/><PALAVRAS-CHAVE PALAVRA-CHAVE-1="PARENTS" PALAVRA-CHAVE-2="CHILDHOOD OBESITY" PALAVRA-CHAVE-3="PREVENTION" PALAVRA-CHAVE-4="" PALAVRA-CHAVE-5="" PALAVRA-CHAVE-6=""/><AREAS-DO-CONHECIMENTO><AREA-DO-CONHECIMENTO-1 NOME-GRANDE-AREA-DO-CONHECIMENTO="CIENCIAS_DA_SAUDE" NOME-DA-AREA-DO-CONHECIMENTO="Saúde Coletiva" NOME-DA-SUB-AREA-DO-CONHECIMENTO="" NOME-DA-ESPECIALIDADE=""/><AREA-DO-CONHECIMENTO-2 NOME-GRANDE-AREA-DO-CONHECIMENTO="CIENCIAS_DA_SAUDE" NOME-DA-AREA-DO-CONHECIMENTO="Nutrição" NOME-DA-SUB-AREA-DO-CONHECIMENTO="" NOME-DA-ESPECIALIDADE=""/></AREAS-DO-CONHECIMENTO><SETORES-DE-ATIVIDADE SETOR-DE-ATIVIDADE-1="Saúde e Serviços Sociais" SETOR-DE-ATIVIDADE-2="" SETOR-DE-ATIVIDADE-3=""/><INFORMACOES-ADICIONAIS DESCRICAO-INFORMACOES-ADICIONAIS="" DESCRICAO-INFORMACOES-ADICIONAIS-INGLES=""/></ARTIGO-PUBLICADO></ARTIGOS-PUBLICADOS><ARTIGOS-ACEITOS-PARA-PUBLICACAO><ARTIGO-ACEITO-PARA-PUBLICACAO SEQUENCIA-PRODUCAO="8"><DADOS-BASICOS-DO-ARTIGO NATUREZA="NAO_INFORMADO" TITULO-DO-ARTIGO="Latina Mothers' Beliefs and Practices Related to Weight Status, Feeding, and Development of Overweight" ANO-DO-ARTIGO="2009" PAIS-DE-PUBLICACAO="" IDIOMA="Inglês" MEIO-DE-DIVULGACAO="NAO_INFORMADO" HOME-PAGE-DO-TRABALHO="" FLAG-RELEVANCIA="NAO" DOI="" TITULO-DO-ARTIGO-INGLES=""/><DETALHAMENTO-DO-ARTIGO TITULO-DO-PERIODICO-OU-REVISTA="Public Health Nursing" ISSN="07371209" VOLUME="" FASCICULO="" SERIE="" PAGINA-INICIAL="" PAGINA-FINAL="" LOCAL-DE-PUBLICACAO=""/><AUTORES NOME-COMPLETO-DO-AUTOR="Sussner KM" NOME-PARA-CITACAO="Sussner KM" ORDEM-DE-AUTORIA="2" NRO-ID-CNPQ=""/><AUTORES NOME-COMPLETO-DO-AUTOR="Greaney ML" NOME-PARA-CITACAO="Greaney ML" ORDEM-DE-AUTORIA="3" NRO-ID-CNPQ=""/><AUTORES NOME-COMPLETO-DO-AUTOR="Karen Eillen Peterson" NOME-PARA-CITACAO="PETERSON, K. E." ORDEM-DE-AUTORIA="4" NRO-ID-CNPQ=""/><AUTORES NOME-COMPLETO-DO-AUTOR="Ana Cristina Lindsay" NOME-PARA-CITACAO="Lindsay, Terra de Souza, de Souza, Souza" ORDEM-DE-AUTORIA="1"/><AREAS-DO-CONHECIMENTO/><INFORMACOES-ADICIONAIS DESCRICAO-INFORMACOES-ADICIONAIS="" DESCRICAO-INFORMACOES-ADICIONAIS-INGLES=""/></ARTIGO-ACEITO-PARA-PUBLICACAO><ARTIGO-ACEITO-PARA-PUBLICACAO SEQUENCIA-PRODUCAO="9"><DADOS-BASICOS-DO-ARTIGO NATUREZA="NAO_INFORMADO" TITULO-DO-ARTIGO="Developing Strategies for the Adoption of the New WHO International Growth Reference" ANO-DO-ARTIGO="2010" PAIS-DE-PUBLICACAO="" IDIOMA="Inglês" MEIO-DE-DIVULGACAO="NAO_INFORMADO" HOME-PAGE-DO-TRABALHO="" FLAG-RELEVANCIA="NAO" DOI="" TITULO-DO-ARTIGO-INGLES=""/><DETALHAMENTO-DO-ARTIGO TITULO-DO-PERIODICO-OU-REVISTA="Health Policy and Planning (Oxford)" ISSN="02681080" VOLUME="" FASCICULO="" SERIE="" PAGINA-INICIAL="" PAGINA-FINAL="" LOCAL-DE-PUBLICACAO=""/><AUTORES NOME-COMPLETO-DO-AUTOR="Karen Eillen Peterson" NOME-PARA-CITACAO="PETERSON, K. E." ORDEM-DE-AUTORIA="1" NRO-ID-CNPQ=""/><AUTORES NOME-COMPLETO-DO-AUTOR="Sussner KM" NOME-PARA-CITACAO="Sussner KM" ORDEM-DE-AUTORIA="3" NRO-ID-CNPQ=""/><AUTORES NOME-COMPLETO-DO-AUTOR="Marcia Maria Tavares Machado" NOME-PARA-CITACAO="Marcia Ma Tavares Machado" ORDEM-DE-AUTORIA="4" NRO-ID-CNPQ=""/><AUTORES NOME-COMPLETO-DO-AUTOR="Edward Frongillo Jr." NOME-PARA-CITACAO="Frongillo, E." ORDEM-DE-AUTORIA="5" NRO-ID-CNPQ=""/><AUTORES NOME-COMPLETO-DO-AUTOR="Ana Cristina Lindsay" NOME-PARA-CITACAO="Lindsay, Terra de Souza, de Souza, Souza" ORDEM-DE-AUTORIA="2"/><PALAVRAS-CHAVE PALAVRA-CHAVE-1="WHO" PALAVRA-CHAVE-2="growth reference" PALAVRA-CHAVE-3="child nutrition" PALAVRA-CHAVE-4="" PALAVRA-CHAVE-5="" PALAVRA-CHAVE-6=""/><AREAS-DO-CONHECIMENTO><AREA-DO-CONHECIMENTO-1 NOME-GRANDE-AREA-DO-CONHECIMENTO="CIENCIAS_DA_SAUDE" NOME-DA-AREA-DO-CONHECIMENTO="Saúde Coletiva" NOME-DA-SUB-AREA-DO-CONHECIMENTO="" NOME-DA-ESPECIALIDADE=""/><AREA-DO-CONHECIMENTO-2 NOME-GRANDE-AREA-DO-CONHECIMENTO="CIENCIAS_DA_SAUDE" NOME-DA-AREA-DO-CONHECIMENTO="Nutrição" NOME-DA-SUB-AREA-DO-CONHECIMENTO="" NOME-DA-ESPECIALIDADE=""/></AREAS-DO-CONHECIMENTO><SETORES-DE-ATIVIDADE SETOR-DE-ATIVIDADE-1="Saúde e Serviços Sociais" SETOR-DE-ATIVIDADE-2="" SETOR-DE-ATIVIDADE-3=""/><INFORMACOES-ADICIONAIS DESCRICAO-INFORMACOES-ADICIONAIS="" DESCRICAO-INFORMACOES-ADICIONAIS-INGLES=""/></ARTIGO-ACEITO-PARA-PUBLICACAO></ARTIGOS-ACEITOS-PARA-PUBLICACAO></PRODUCAO-BIBLIOGRAFICA><DADOS-COMPLEMENTARES><INFORMACOES-ADICIONAIS-INSTITUICOES><INFORMACAO-ADICIONAL-INSTITUICAO CODIGO-INSTITUICAO="000100000991" SIGLA-INSTITUICAO="HSPH" SIGLA-UF-INSTITUICAO="" SIGLA-PAIS-INSTITUICAO="EUA" NOME-PAIS-INSTITUICAO="Estados Unidos" FLAG-AGENCIA-FOMENTO="NAO" FLAG-INSTITUICAO-DE-ENSINO="NAO"/><INFORMACAO-ADICIONAL-INSTITUICAO CODIGO-INSTITUICAO="814600000002" SIGLA-INSTITUICAO="FOC" SIGLA-UF-INSTITUICAO="RJ" SIGLA-PAIS-INSTITUICAO="BRA" NOME-PAIS-INSTITUICAO="Brasil" FLAG-AGENCIA-FOMENTO="NAO" FLAG-INSTITUICAO-DE-ENSINO="SIM"/></INFORMACOES-ADICIONAIS-INSTITUICOES><INFORMACOES-ADICIONAIS-CURSOS><INFORMACAO-ADICIONAL-CURSO CODIGO-CURSO="90000000" CODIGO-ORGAO="" NOME-ORGAO="" CODIGO-INSTITUICAO="000100000991" NOME-INSTITUICAO="Harvard School of Public Health" NOME-GRANDE-AREA-DO-CONHECIMENTO="CIENCIAS_DA_SAUDE" NOME-DA-AREA-DO-CONHECIMENTO="Saúde Coletiva" NOME-DA-SUB-AREA-DO-CONHECIMENTO="" NOME-DA-ESPECIALIDADE="" NIVEL-CURSO="DOUTORADO"/><INFORMACAO-ADICIONAL-CURSO CODIGO-CURSO="90000001" CODIGO-ORGAO="" NOME-ORGAO="" CODIGO-INSTITUICAO="000100000991" NOME-INSTITUICAO="Harvard School of Public Health" NOME-GRANDE-AREA-DO-CONHECIMENTO="CIENCIAS_DA_SAUDE" NOME-DA-AREA-DO-CONHECIMENTO="Saúde Coletiva" NOME-DA-SUB-AREA-DO-CONHECIMENTO="" NOME-DA-ESPECIALIDADE="" NIVEL-CURSO="MESTRADO"/><INFORMACAO-ADICIONAL-CURSO CODIGO-CURSO="90000002" CODIGO-ORGAO="" NOME-ORGAO="" CODIGO-INSTITUICAO="814600000002" NOME-INSTITUICAO="Faculdade de Odontologia de Campos" NOME-GRANDE-AREA-DO-CONHECIMENTO="CIENCIAS_DA_SAUDE" NOME-DA-AREA-DO-CONHECIMENTO="Odontologia" NOME-DA-SUB-AREA-DO-CONHECIMENTO="" NOME-DA-ESPECIALIDADE="" NIVEL-CURSO="GRADUACAO"/><INFORMACAO-ADICIONAL-CURSO CODIGO-CURSO="90000003" CODIGO-ORGAO="" NOME-ORGAO="" CODIGO-INSTITUICAO="000100000991" NOME-INSTITUICAO="Harvard School of Public Health" NOME-GRANDE-AREA-DO-CONHECIMENTO="CIENCIAS_DA_SAUDE" NOME-DA-AREA-DO-CONHECIMENTO="Saúde Coletiva" NOME-DA-SUB-AREA-DO-CONHECIMENTO="" NOME-DA-ESPECIALIDADE="" NIVEL-CURSO="GRADUACAO"/></INFORMACOES-ADICIONAIS-CURSOS></DADOS-COMPLEMENTARES></CURRICULO-VITAE>